Model,Test ROC-AUC,CV Mean ROC-AUC,CV Std ROC-AUC
Logistic Regression,0.8330322192110811,0.8029858426999571,0.018727519476131035
Random Forest,0.7902740138512496,0.7532478366678019,0.030316875384765102
